Prscrbr_NPI,Physician_Name,Specialty,City,State,Brand_Name,Sales_Rep,Sales_Rep_Name,Territory,HCP_Tier,Target_Calls,Actual_Calls,Samples_Dropped,Tot_Clms,Tot_30day_Fills,Tot_Drug_Cst,Rx_Lift_Pct,Delta_Log_Fills,Post_Campaign_Fills,dataset_mode
1003000126,Dr. Ardalan Enkeshafi,Internal Medicine,Bethesda,MD,Abrysvo,REP-101,Alex Morgan,TERR-01,1,8,7,11,20,20.0,5994.01,3.5,0.03278982282299081,20.7,hybrid
1003000126,Dr. Ardalan Enkeshafi,Internal Medicine,Bethesda,MD,Boostrix Tdap,REP-102,Brandon Hayes,TERR-01,2,4,4,6,12,12.0,648.26,3.33,0.030305349495328926,12.4,hybrid
1003000142,Dr. Rashid Khalil,Anesthesiology,Toledo,OH,Acetaminophen-Codeine,REP-103,Claire Vance,TERR-02,1,8,5,10,24,24.0,362.48,2.5,0.02371652661731627,24.6,hybrid
1003000142,Dr. Rashid Khalil,Anesthesiology,Toledo,OH,Amitriptyline Hcl,REP-104,Derek Sterling,TERR-02,2,4,2,2,47,47.0,271.17,-1.06,-0.01047129986729578,46.5,hybrid
1003000142,Dr. Rashid Khalil,Anesthesiology,Toledo,OH,Baclofen,REP-105,Elena Rostova,TERR-03,1,8,9,24,47,47.0,333.35,5.96,0.05669534367654494,49.8,hybrid
1003000142,Dr. Rashid Khalil,Anesthesiology,Toledo,OH,Belbuca,REP-106,Fiona Gallagher,TERR-03,1,8,10,22,12,12.0,4388.84,0.83,0.007662872745568983,12.1,hybrid
1003000142,Dr. Rashid Khalil,Anesthesiology,Toledo,OH,Celecoxib,REP-107,Garrett Vance,TERR-04,2,4,3,4,18,22.0,132.21,10.0,0.09134977858822779,24.2,hybrid
1003000142,Dr. Rashid Khalil,Anesthesiology,Toledo,OH,Cyclobenzaprine Hcl,REP-108,Hannah Abbott,TERR-04,1,8,11,23,45,47.0,399.69,7.87,0.0742567706064925,50.7,hybrid
1003000142,Dr. Rashid Khalil,Anesthesiology,Toledo,OH,Dantrolene Sodium,REP-109,Ian Malcolm,TERR-05,3,2,1,2,23,23.0,587.02,-3.48,-0.03390155167568132,22.2,hybrid
1003000142,Dr. Rashid Khalil,Anesthesiology,Toledo,OH,Diclofenac Sodium,REP-110,Julia Roberts,TERR-05,2,4,4,7,47,51.7,1236.33,7.74,0.07315875518639015,55.7,hybrid
1003000142,Dr. Rashid Khalil,Anesthesiology,Toledo,OH,Duloxetine Hcl,REP-111,Kevin Bacon,TERR-06,3,2,3,9,26,28.0,188.16,3.93,0.037229341768355795,29.1,hybrid
1003000142,Dr. Rashid Khalil,Anesthesiology,Toledo,OH,Gabapentin,REP-112,Laura Croft,TERR-06,2,4,2,6,293,386.0,4512.22,0.49,0.004897548131920004,387.9,hybrid
1003000142,Dr. Rashid Khalil,Anesthesiology,Toledo,OH,Hydrocodone-Acetaminophen,REP-101,Alex Morgan,TERR-01,1,8,6,11,340,340.0,6027.31,-0.68,-0.0067677174597911005,337.7,hybrid
1003000142,Dr. Rashid Khalil,Anesthesiology,Toledo,OH,Lidocaine,REP-102,Brandon Hayes,TERR-01,1,8,10,19,30,32.0,2934.97,5.31,0.05023212548633316,33.7,hybrid
1003000142,Dr. Rashid Khalil,Anesthesiology,Toledo,OH,Meloxicam,REP-103,Claire Vance,TERR-02,2,4,2,4,41,55.0,86.73,1.45,0.014184634991956102,55.8,hybrid
1003000142,Dr. Rashid Khalil,Anesthesiology,Toledo,OH,Methocarbamol,REP-104,Derek Sterling,TERR-02,2,4,4,11,21,23.0,256.34,0.43,0.004158010148663571,23.1,hybrid
1003000142,Dr. Rashid Khalil,Anesthesiology,Toledo,OH,Methylprednisolone,REP-105,Elena Rostova,TERR-03,1,8,6,12,20,20.0,127.08,1.5,0.014184634991956546,20.3,hybrid
1003000142,Dr. Rashid Khalil,Anesthesiology,Toledo,OH,Morphine Sulfate Er,REP-106,Fiona Gallagher,TERR-03,2,4,4,10,47,47.0,678.42,-1.7,-0.016807118316381597,46.2,hybrid
1003000142,Dr. Rashid Khalil,Anesthesiology,Toledo,OH,Movantik,REP-107,Garrett Vance,TERR-04,2,4,2,3,45,47.0,18910.97,-0.64,-0.006269613013595521,46.7,hybrid
1003000142,Dr. Rashid Khalil,Anesthesiology,Toledo,OH,Nortriptyline Hcl,REP-108,Hannah Abbott,TERR-04,2,4,4,13,17,19.0,110.96,1.05,0.009950330853168321,19.2,hybrid
1003000142,Dr. Rashid Khalil,Anesthesiology,Toledo,OH,Oxycodone Hcl,REP-109,Ian Malcolm,TERR-05,3,2,1,3,61,61.0,696.96,1.8,0.017586384502076058,62.1,hybrid
1003000142,Dr. Rashid Khalil,Anesthesiology,Toledo,OH,Oxycodone-Acetaminophen,REP-110,Julia Roberts,TERR-05,2,4,4,6,267,267.0,5344.44,3.52,0.03447352736987419,276.4,hybrid
1003000142,Dr. Rashid Khalil,Anesthesiology,Toledo,OH,Pregabalin,REP-111,Kevin Bacon,TERR-06,3,2,2,3,111,127.0,3540.32,0.16,0.0015612805669524832,127.2,hybrid
1003000142,Dr. Rashid Khalil,Anesthesiology,Toledo,OH,Tizanidine Hcl,REP-112,Laura Croft,TERR-06,3,2,1,1,142,160.0,1082.66,5.06,0.04908589092007176,168.1,hybrid
1003000142,Dr. Rashid Khalil,Anesthesiology,Toledo,OH,Tramadol Hcl,REP-101,Alex Morgan,TERR-01,2,4,3,6,101,101.0,530.12,3.47,0.03373813963185057,104.5,hybrid
1003000142,Dr. Rashid Khalil,Anesthesiology,Toledo,OH,Trazodone Hcl,REP-102,Brandon Hayes,TERR-01,1,8,9,11,13,13.0,47.78,-0.77,-0.007168489478612372,12.9,hybrid
1003000167,Dr. Julio Escobar,Dentist,Dayton,NV,Amoxicillin,REP-103,Claire Vance,TERR-02,1,8,7,17,47,47.0,102.79,11.06,0.10285738543970746,52.2,hybrid
1003000167,Dr. Julio Escobar,Dentist,Dayton,NV,Dexamethasone,REP-104,Derek Sterling,TERR-02,3,2,1,2,13,13.0,22.43,6.15,0.055569851154810834,13.8,hybrid
1003000423,Dr. Jennifer Velotta,Obstetrics & Gynecology,Mentor,OH,Clobetasol Propionate,REP-105,Elena Rostova,TERR-03,2,4,4,5,18,19.4,479.42,1.55,0.01459879942115272,19.7,hybrid
1003000423,Dr. Jennifer Velotta,Obstetrics & Gynecology,Mentor,OH,Estradiol,REP-106,Fiona Gallagher,TERR-03,2,4,5,14,42,142.4,3240.27,3.86,0.037637011524443764,147.9,hybrid
1003000423,Dr. Jennifer Velotta,Obstetrics & Gynecology,Mentor,OH,Nitrofurantoin Mono-Macro,REP-107,Garrett Vance,TERR-04,2,4,4,10,13,15.0,175.27,4.0,0.03681397312271617,15.6,hybrid
1003000480,Dr. Kevin Rothchild,General Surgery,Aurora,CO,Omeprazole,REP-108,Hannah Abbott,TERR-04,2,4,3,7,13,38.3,652.8,4.44,0.04234754782909267,40.0,hybrid
1003000530,Dr. Amanda Semonche,Internal Medicine,Quakertown,PA,Albuterol Sulfate Hfa,REP-109,Ian Malcolm,TERR-05,2,4,3,7,90,105.3,2518.44,-3.8,-0.038355612390320815,101.3,hybrid
1003000530,Dr. Amanda Semonche,Internal Medicine,Quakertown,PA,Alendronate Sodium,REP-110,Julia Roberts,TERR-05,2,4,4,7,94,222.9,1018.27,2.69,0.026444908164426906,228.9,hybrid
1003000530,Dr. Amanda Semonche,Internal Medicine,Quakertown,PA,Alfuzosin Hcl Er,REP-111,Kevin Bacon,TERR-06,3,2,2,6,16,16.0,119.55,2.5,0.023256862164267034,16.4,hybrid
1003000530,Dr. Amanda Semonche,Internal Medicine,Quakertown,PA,Allopurinol,REP-112,Laura Croft,TERR-06,3,2,0,0,65,165.0,765.11,1.94,0.019093658815578785,168.2,hybrid
1003000530,Dr. Amanda Semonche,Internal Medicine,Quakertown,PA,Alprazolam,REP-101,Alex Morgan,TERR-01,2,4,3,5,36,53.0,156.46,0.19,0.0018501392881611345,53.1,hybrid
1003000530,Dr. Amanda Semonche,Internal Medicine,Quakertown,PA,Amitriptyline Hcl,REP-102,Brandon Hayes,TERR-01,1,8,7,17,12,36.0,303.17,1.39,0.013423020332140823,36.5,hybrid
1003000530,Dr. Amanda Semonche,Internal Medicine,Quakertown,PA,Amlodipine Besylate,REP-103,Claire Vance,TERR-02,2,4,1,2,474,1175.3,2990.89,-0.74,-0.007423558986435985,1166.6,hybrid
1003000530,Dr. Amanda Semonche,Internal Medicine,Quakertown,PA,Amoxicillin-Clavulanate Potass,REP-104,Derek Sterling,TERR-02,2,4,1,1,18,18.0,121.93,1.11,0.01047129986729578,18.2,hybrid
1003000530,Dr. Amanda Semonche,Internal Medicine,Quakertown,PA,Aripiprazole,REP-105,Elena Rostova,TERR-03,1,8,10,23,30,53.0,3012.27,7.36,0.06973333801467518,56.9,hybrid
1003000530,Dr. Amanda Semonche,Internal Medicine,Quakertown,PA,Atenolol,REP-106,Fiona Gallagher,TERR-03,2,4,5,12,17,51.0,66.86,9.41,0.08829260714567821,55.8,hybrid
1003000530,Dr. Amanda Semonche,Internal Medicine,Quakertown,PA,Atorvastatin Calcium,REP-107,Garrett Vance,TERR-04,1,8,4,10,451,1154.7,4970.46,4.82,0.04707049456545054,1210.4,hybrid
1003000530,Dr. Amanda Semonche,Internal Medicine,Quakertown,PA,Azelastine Hcl,REP-108,Hannah Abbott,TERR-04,2,4,5,16,13,17.7,237.34,5.65,0.05209511188340166,18.7,hybrid
1003000530,Dr. Amanda Semonche,Internal Medicine,Quakertown,PA,Basaglar Kwikpen U-100,REP-109,Ian Malcolm,TERR-05,2,4,3,6,11,11.4,4957.39,-4.39,-0.04115807249350745,10.9,hybrid
1003000530,Dr. Amanda Semonche,Internal Medicine,Quakertown,PA,Bupropion Hcl Sr,REP-110,Julia Roberts,TERR-05,2,4,5,11,19,33.0,414.79,1.82,0.017493157447517227,33.6,hybrid
1003000530,Dr. Amanda Semonche,Internal Medicine,Quakertown,PA,Bupropion Xl,REP-111,Kevin Bacon,TERR-06,2,4,4,13,105,215.0,2358.41,0.23,0.0023121397583789616,215.5,hybrid
1003000530,Dr. Amanda Semonche,Internal Medicine,Quakertown,PA,Buspirone Hcl,REP-112,Laura Croft,TERR-06,3,2,2,4,25,55.7,514.21,1.44,0.0140107370695981,56.5,hybrid
1003000530,Dr. Amanda Semonche,Internal Medicine,Quakertown,PA,Butalbital-Acetaminophen-Caffe,REP-101,Alex Morgan,TERR-01,1,8,7,12,13,14.0,350.54,5.0,0.04561051125205218,14.7,hybrid
1003000530,Dr. Amanda Semonche,Internal Medicine,Quakertown,PA,Calcitriol,REP-102,Brandon Hayes,TERR-01,1,8,8,24,12,12.0,312.33,5.0,0.04512043528046972,12.6,hybrid
1003000530,Dr. Amanda Semonche,Internal Medicine,Quakertown,PA,Carvedilol,REP-103,Claire Vance,TERR-02,2,4,3,6,49,107.0,387.58,2.9,0.02829946952136453,110.1,hybrid
1003000530,Dr. Amanda Semonche,Internal Medicine,Quakertown,PA,Celecoxib,REP-104,Derek Sterling,TERR-02,2,4,1,1,14,22.0,106.34,6.36,0.05908891637000657,23.4,hybrid
1003000530,Dr. Amanda Semonche,Internal Medicine,Quakertown,PA,Chlorhexidine Gluconate,REP-105,Elena Rostova,TERR-03,2,4,4,10,20,20.0,205.09,4.5,0.04196419909903204,20.9,hybrid
1003000530,Dr. Amanda Semonche,Internal Medicine,Quakertown,PA,Citalopram Hbr,REP-106,Fiona Gallagher,TERR-03,1,8,11,32,32,68.7,123.33,1.02,0.009992945397518938,69.4,hybrid
1003000530,Dr. Amanda Semonche,Internal Medicine,Quakertown,PA,Clonazepam,REP-107,Garrett Vance,TERR-04,2,4,2,4,30,38.0,277.11,5.79,0.054876610225834455,40.2,hybrid
1003000530,Dr. Amanda Semonche,Internal Medicine,Quakertown,PA,Clonidine Hcl,REP-108,Hannah Abbott,TERR-04,2,4,4,8,18,43.2,72.27,4.17,0.03991660740544267,45.0,hybrid
1003000530,Dr. Amanda Semonche,Internal Medicine,Quakertown,PA,Clopidogrel,REP-109,Ian Malcolm,TERR-05,3,2,2,6,79,185.0,1183.79,4.27,0.04159588853540441,192.9,hybrid
1003000530,Dr. Amanda Semonche,Internal Medicine,Quakertown,PA,Diazepam,REP-110,Julia Roberts,TERR-05,2,4,3,9,11,13.0,49.66,3.08,0.0281708769666964,13.4,hybrid
1003000530,Dr. Amanda Semonche,Internal Medicine,Quakertown,PA,Dicyclomine Hcl,REP-111,Kevin Bacon,TERR-06,2,4,5,16,13,29.0,555.22,2.41,0.023065272930995917,29.7,hybrid
1003000530,Dr. Amanda Semonche,Internal Medicine,Quakertown,PA,Digoxin,REP-112,Laura Croft,TERR-06,2,4,3,10,12,14.0,2133.66,2.86,0.026317308317373556,14.4,hybrid
1003000530,Dr. Amanda Semonche,Internal Medicine,Quakertown,PA,Diltiazem 24hr Er (Cd),REP-101,Alex Morgan,TERR-01,1,8,9,20,12,14.0,225.19,9.29,0.08311490671050681,15.3,hybrid
1003000530,Dr. Amanda Semonche,Internal Medicine,Quakertown,PA,Divalproex Sodium Er,REP-102,Brandon Hayes,TERR-01,2,4,4,5,12,12.0,382.04,0.0,0.0,12.0,hybrid
1003000530,Dr. Amanda Semonche,Internal Medicine,Quakertown,PA,Dofetilide,REP-103,Claire Vance,TERR-02,2,4,2,4,12,12.0,1100.52,4.17,0.03774032798284699,12.5,hybrid
1003000530,Dr. Amanda Semonche,Internal Medicine,Quakertown,PA,Donepezil Hcl,REP-104,Derek Sterling,TERR-02,1,8,7,20,15,29.0,263.01,0.34,0.0033277900926744763,29.1,hybrid
1003000530,Dr. Amanda Semonche,Internal Medicine,Quakertown,PA,Doxazosin Mesylate,REP-105,Elena Rostova,TERR-03,1,8,8,17,14,36.0,393.77,2.78,0.02666824708216131,37.0,hybrid
1003000530,Dr. Amanda Semonche,Internal Medicine,Quakertown,PA,Doxycycline Hyclate,REP-106,Fiona Gallagher,TERR-03,2,4,4,9,37,37.0,233.38,5.68,0.05379017458613777,39.1,hybrid
1003000530,Dr. Amanda Semonche,Internal Medicine,Quakertown,PA,Duloxetine Hcl,REP-107,Garrett Vance,TERR-04,2,4,1,2,61,133.2,1155.74,-0.45,-0.00448096343503579,132.6,hybrid
1003000530,Dr. Amanda Semonche,Internal Medicine,Quakertown,PA,Eliquis,REP-108,Hannah Abbott,TERR-04,1,8,8,26,138,223.0,126538.49,5.74,0.055569851154810834,235.8,hybrid
1003000530,Dr. Amanda Semonche,Internal Medicine,Quakertown,PA,Enalapril Maleate,REP-109,Ian Malcolm,TERR-05,2,4,2,2,17,49.0,507.71,4.08,0.03922071315328157,51.0,hybrid
1003000530,Dr. Amanda Semonche,Internal Medicine,Quakertown,PA,Escitalopram Oxalate,REP-110,Julia Roberts,TERR-05,2,4,3,4,68,184.9,1029.6,3.35,0.032807175047112835,191.1,hybrid
1003000530,Dr. Amanda Semonche,Internal Medicine,Quakertown,PA,Eszopiclone,REP-111,Kevin Bacon,TERR-06,2,4,6,9,12,12.0,88.36,4.17,0.03774032798284699,12.5,hybrid
1003000530,Dr. Amanda Semonche,Internal Medicine,Quakertown,PA,Ezetimibe,REP-112,Laura Croft,TERR-06,2,4,3,6,24,58.0,492.59,2.41,0.023451661035049476,59.4,hybrid
1003000530,Dr. Amanda Semonche,Internal Medicine,Quakertown,PA,Famotidine,REP-101,Alex Morgan,TERR-01,2,4,3,6,144,332.4,1574.86,7.55,0.07258568972298107,357.5,hybrid
1003000530,Dr. Amanda Semonche,Internal Medicine,Quakertown,PA,Fenofibrate,REP-102,Brandon Hayes,TERR-01,1,8,7,12,28,64.0,727.1,1.56,0.015267472130788384,65.0,hybrid
1003000530,Dr. Amanda Semonche,Internal Medicine,Quakertown,PA,Finasteride,REP-103,Claire Vance,TERR-02,2,4,1,1,35,103.6,802.04,4.54,0.043952843551670284,108.3,hybrid
1003000530,Dr. Amanda Semonche,Internal Medicine,Quakertown,PA,Fluticasone Propionate,REP-104,Derek Sterling,TERR-02,2,4,1,3,57,111.6,699.66,-1.52,-0.015212821349268602,109.9,hybrid
1003000530,Dr. Amanda Semonche,Internal Medicine,Quakertown,PA,Fluticasone-Salmeterol,REP-105,Elena Rostova,TERR-03,2,4,5,7,52,62.0,5181.6,2.42,0.023530497410193973,63.5,hybrid
1003000530,Dr. Amanda Semonche,Internal Medicine,Quakertown,PA,Fosinopril Sodium,REP-106,Fiona Gallagher,TERR-03,2,4,4,11,18,45.5,199.84,-0.44,-0.004310351501122245,45.3,hybrid
1003000530,Dr. Amanda Semonche,Internal Medicine,Quakertown,PA,Furosemide,REP-107,Garrett Vance,TERR-04,2,4,2,5,76,169.0,433.34,0.53,0.0052801530712836,169.9,hybrid
1003000530,Dr. Amanda Semonche,Internal Medicine,Quakertown,PA,Gabapentin,REP-108,Hannah Abbott,TERR-04,2,4,4,10,194,322.1,2554.6,2.08,0.020524537295045775,328.8,hybrid
1003000530,Dr. Amanda Semonche,Internal Medicine,Quakertown,PA,Glimepiride,REP-109,Ian Malcolm,TERR-05,2,4,1,1,24,52.0,204.05,4.42,0.042480994976167086,54.3,hybrid
1003000530,Dr. Amanda Semonche,Internal Medicine,Quakertown,PA,Glipizide,REP-110,Julia Roberts,TERR-05,2,4,4,13,90,204.0,1131.7,4.12,0.04015835972924453,212.4,hybrid
1003000530,Dr. Amanda Semonche,Internal Medicine,Quakertown,PA,Glycopyrrolate,REP-111,Kevin Bacon,TERR-06,3,2,2,5,12,12.2,846.73,11.48,0.10080469912196577,13.6,hybrid
1003000530,Dr. Amanda Semonche,Internal Medicine,Quakertown,PA,Hydrochlorothiazide,REP-112,Laura Croft,TERR-06,2,4,4,9,212,534.9,764.54,4.36,0.04255961441879563,558.2,hybrid
1003000530,Dr. Amanda Semonche,Internal Medicine,Quakertown,PA,Hydrocodone-Acetaminophen,REP-101,Alex Morgan,TERR-01,1,8,10,34,34,34.0,835.79,4.12,0.03922071315328157,35.4,hybrid
1003000530,Dr. Amanda Semonche,Internal Medicine,Quakertown,PA,Ipratropium Bromide,REP-102,Brandon Hayes,TERR-01,1,8,9,28,13,21.8,429.5,3.67,0.03448617607116944,22.6,hybrid
1003000530,Dr. Amanda Semonche,Internal Medicine,Quakertown,PA,Irbesartan,REP-103,Claire Vance,TERR-02,2,4,3,5,23,45.0,541.08,4.44,0.04255961441879608,47.0,hybrid
1003000530,Dr. Amanda Semonche,Internal Medicine,Quakertown,PA,Isosorbide Mononitrate Er,REP-104,Derek Sterling,TERR-02,2,4,2,6,19,32.0,34.33,2.5,0.023953241022492744,32.8,hybrid
1003000530,Dr. Amanda Semonche,Internal Medicine,Quakertown,PA,Januvia,REP-105,Elena Rostova,TERR-03,1,8,10,14,19,33.0,17629.38,3.94,0.03752243932308952,34.3,hybrid
1003000530,Dr. Amanda Semonche,Internal Medicine,Quakertown,PA,Jardiance,REP-106,Fiona Gallagher,TERR-03,2,4,4,4,31,65.0,37157.23,6.15,0.05884050002293417,69.0,hybrid
1003000530,Dr. Amanda Semonche,Internal Medicine,Quakertown,PA,Klor-Con M20,REP-107,Garrett Vance,TERR-04,2,4,2,4,28,83.7,699.43,0.72,0.007058852839624485,84.3,hybrid
1003000530,Dr. Amanda Semonche,Internal Medicine,Quakertown,PA,Lamotrigine,REP-108,Hannah Abbott,TERR-04,2,4,3,5,20,20.3,208.26,7.88,0.07242983784481449,21.9,hybrid
1003000530,Dr. Amanda Semonche,Internal Medicine,Quakertown,PA,Levothyroxine Sodium,REP-109,Ian Malcolm,TERR-05,2,4,4,10,430,831.4,3333.23,2.12,0.020923254964883675,849.0,hybrid
1003000530,Dr. Amanda Semonche,Internal Medicine,Quakertown,PA,Lisinopril,REP-110,Julia Roberts,TERR-05,2,4,4,10,381,927.5,3548.32,1.66,0.01644984753813805,942.9,hybrid
1003000530,Dr. Amanda Semonche,Internal Medicine,Quakertown,PA,Lisinopril-Hydrochlorothiazide,REP-111,Kevin Bacon,TERR-06,2,4,2,4,36,107.3,667.83,-1.58,-0.015821642275200887,105.6,hybrid
1003000530,Dr. Amanda Semonche,Internal Medicine,Quakertown,PA,Loperamide,REP-112,Laura Croft,TERR-06,3,2,1,1,12,16.1,210.76,0.62,0.005830920310792909,16.2,hybrid
1003000530,Dr. Amanda Semonche,Internal Medicine,Quakertown,PA,Lorazepam,REP-101,Alex Morgan,TERR-01,1,8,9,25,62,70.5,392.53,4.54,0.043782642438809916,73.7,hybrid
1003000530,Dr. Amanda Semonche,Internal Medicine,Quakertown,PA,Losartan Potassium,REP-102,Brandon Hayes,TERR-01,1,8,9,22,247,557.9,2872.59,2.96,0.02909488484179512,574.4,hybrid
1003000530,Dr. Amanda Semonche,Internal Medicine,Quakertown,PA,Meclizine Hcl,REP-103,Claire Vance,TERR-02,3,2,1,3,12,12.0,41.84,5.0,0.04512043528046972,12.6,hybrid
1003000530,Dr. Amanda Semonche,Internal Medicine,Quakertown,PA,Meloxicam,REP-104,Derek Sterling,TERR-02,2,4,2,2,39,77.0,154.58,0.13,0.0012812301560485295,77.1,hybrid
1003000530,Dr. Amanda Semonche,Internal Medicine,Quakertown,PA,Memantine Hcl,REP-105,Elena Rostova,TERR-03,2,4,3,5,11,13.0,262.96,3.08,0.0281708769666964,13.4,hybrid
1003000530,Dr. Amanda Semonche,Internal Medicine,Quakertown,PA,Metformin Hcl,REP-106,Fiona Gallagher,TERR-03,1,8,9,24,150,359.0,1399.29,3.96,0.038686382389833796,373.2,hybrid
1003000530,Dr. Amanda Semonche,Internal Medicine,Quakertown,PA,Metformin Hcl Er,REP-107,Garrett Vance,TERR-04,2,4,3,6,55,145.0,1066.82,8.83,0.08403892710469929,157.8,hybrid
1003000530,Dr. Amanda Semonche,Internal Medicine,Quakertown,PA,Methocarbamol,REP-108,Hannah Abbott,TERR-04,2,4,3,4,18,18.0,135.61,5.56,0.05129329438755059,19.0,hybrid
1003000530,Dr. Amanda Semonche,Internal Medicine,Quakertown,PA,Metoprolol Succinate,REP-109,Ian Malcolm,TERR-05,3,2,1,2,195,463.3,3844.16,1.34,0.013265063999559068,469.5,hybrid
1003000530,Dr. Amanda Semonche,Internal Medicine,Quakertown,PA,Metoprolol Tartrate,REP-110,Julia Roberts,TERR-05,2,4,5,11,173,452.5,1132.31,9.26,0.08837024750006783,494.4,hybrid
1003000530,Dr. Amanda Semonche,Internal Medicine,Quakertown,PA,Mirtazapine,REP-111,Kevin Bacon,TERR-06,3,2,2,6,34,56.3,329.27,-0.71,-0.007005282588409045,55.9,hybrid
1003000530,Dr. Amanda Semonche,Internal Medicine,Quakertown,PA,Montelukast Sodium,REP-112,Laura Croft,TERR-06,2,4,2,5,27,77.0,267.03,5.97,0.05730085383734096,81.6,hybrid
1003000530,Dr. Amanda Semonche,Internal Medicine,Quakertown,PA,Myrbetriq,REP-101,Alex Morgan,TERR-01,2,4,5,16,27,29.0,12856.04,4.48,0.04242071588395202,30.3,hybrid
1003000530,Dr. Amanda Semonche,Internal Medicine,Quakertown,PA,Nebivolol Hcl,REP-102,Brandon Hayes,TERR-01,1,8,10,14,24,38.0,2204.81,1.84,0.017789541563498545,38.7,hybrid
1003000530,Dr. Amanda Semonche,Internal Medicine,Quakertown,PA,Olmesartan Medoxomil,REP-103,Claire Vance,TERR-02,2,4,2,6,54,122.3,660.51,3.11,0.03035376802511003,126.1,hybrid
1003000530,Dr. Amanda Semonche,Internal Medicine,Quakertown,PA,Omeprazole,REP-104,Derek Sterling,TERR-02,1,8,2,6,126,263.4,1359.64,-1.75,-0.01755100374103158,258.8,hybrid
1003000530,Dr. Amanda Semonche,Internal Medicine,Quakertown,PA,Ondansetron Odt,REP-105,Elena Rostova,TERR-03,1,8,7,10,15,15.0,104.9,8.0,0.07232066157962613,16.2,hybrid
1003000530,Dr. Amanda Semonche,Internal Medicine,Quakertown,PA,Oxybutynin Chloride Er,REP-106,Fiona Gallagher,TERR-03,2,4,6,17,21,45.0,1001.27,-1.78,-0.017544309650909362,44.2,hybrid
1003000530,Dr. Amanda Semonche,Internal Medicine,Quakertown,PA,Oxycodone-Acetaminophen,REP-107,Garrett Vance,TERR-04,2,4,1,2,13,13.0,207.62,-0.77,-0.007168489478612372,12.9,hybrid
1003000530,Dr. Amanda Semonche,Internal Medicine,Quakertown,PA,Pantoprazole Sodium,REP-108,Hannah Abbott,TERR-04,1,8,5,11,167,295.2,2398.21,2.64,0.025992799572523317,303.0,hybrid
1003000530,Dr. Amanda Semonche,Internal Medicine,Quakertown,PA,Paroxetine Hcl,REP-109,Ian Malcolm,TERR-05,3,2,1,1,17,31.0,283.58,-0.97,-0.009419221916491693,30.7,hybrid
1003000530,Dr. Amanda Semonche,Internal Medicine,Quakertown,PA,Paxlovid,REP-110,Julia Roberts,TERR-05,3,2,2,6,12,12.0,1429.4,5.0,0.04512043528046972,12.6,hybrid
1003000530,Dr. Amanda Semonche,Internal Medicine,Quakertown,PA,Potassium Chloride,REP-111,Kevin Bacon,TERR-06,2,4,4,10,71,119.0,1442.91,2.77,0.02712866738825248,122.3,hybrid
1003000530,Dr. Amanda Semonche,Internal Medicine,Quakertown,PA,Pramipexole Dihydrochloride,REP-112,Laura Croft,TERR-06,3,2,1,2,11,27.0,84.62,1.48,0.014184634991956546,27.4,hybrid
1003000530,Dr. Amanda Semonche,Internal Medicine,Quakertown,PA,Pravastatin Sodium,REP-101,Alex Morgan,TERR-01,1,8,11,36,244,676.0,4155.84,7.13,0.06877620596842071,724.2,hybrid
1003000530,Dr. Amanda Semonche,Internal Medicine,Quakertown,PA,Prednisone,REP-102,Brandon Hayes,TERR-01,1,8,10,19,24,27.0,111.03,7.41,0.06899287148695166,29.0,hybrid
1003000530,Dr. Amanda Semonche,Internal Medicine,Quakertown,PA,Pregabalin,REP-103,Claire Vance,TERR-02,2,4,4,7,31,55.0,383.26,2.73,0.026433257068155136,56.5,hybrid
1003000530,Dr. Amanda Semonche,Internal Medicine,Quakertown,PA,Quetiapine Fumarate,REP-104,Derek Sterling,TERR-02,3,2,1,2,24,46.0,401.76,-1.52,-0.015005640617870242,45.3,hybrid
1003000530,Dr. Amanda Semonche,Internal Medicine,Quakertown,PA,Ropinirole Hcl,REP-105,Elena Rostova,TERR-03,1,8,8,9,39,65.4,510.95,3.98,0.038409448114871125,68.0,hybrid
1003000530,Dr. Amanda Semonche,Internal Medicine,Quakertown,PA,Rosuvastatin Calcium,REP-106,Fiona Gallagher,TERR-03,2,4,4,13,139,348.3,3058.04,2.01,0.01984192079900371,355.3,hybrid
1003000530,Dr. Amanda Semonche,Internal Medicine,Quakertown,PA,Rybelsus,REP-107,Garrett Vance,TERR-04,1,8,2,5,16,38.0,33295.05,6.05,0.057300853837340515,40.3,hybrid
1003000530,Dr. Amanda Semonche,Internal Medicine,Quakertown,PA,Sertraline Hcl,REP-108,Hannah Abbott,TERR-04,1,8,5,11,117,255.5,948.21,2.04,0.020070144925275812,260.7,hybrid
1003000530,Dr. Amanda Semonche,Internal Medicine,Quakertown,PA,Simvastatin,REP-109,Ian Malcolm,TERR-05,3,2,2,6,188,503.9,2406.59,3.39,0.033307198017769046,521.0,hybrid
1003000530,Dr. Amanda Semonche,Internal Medicine,Quakertown,PA,Spiriva Handihaler,REP-110,Julia Roberts,TERR-05,2,4,4,13,11,29.0,13855.12,3.45,0.03278982282299081,30.0,hybrid
1003000530,Dr. Amanda Semonche,Internal Medicine,Quakertown,PA,Spironolactone,REP-111,Kevin Bacon,TERR-06,2,4,3,9,20,59.0,281.89,-0.68,-0.006688988150796327,58.6,hybrid
1003000530,Dr. Amanda Semonche,Internal Medicine,Quakertown,PA,Stiolto Respimat,REP-112,Laura Croft,TERR-06,3,2,2,6,17,26.0,11756.24,2.69,0.025595547188963508,26.7,hybrid
1003000530,Dr. Amanda Semonche,Internal Medicine,Quakertown,PA,Sucralfate,REP-101,Alex Morgan,TERR-01,1,8,8,24,13,15.0,538.81,5.33,0.04879016416943216,15.8,hybrid
1003000530,Dr. Amanda Semonche,Internal Medicine,Quakertown,PA,Sulfamethoxazole-Trimethoprim,REP-102,Brandon Hayes,TERR-01,2,4,4,12,13,13.0,34.64,5.38,0.04879016416943216,13.7,hybrid
1003000530,Dr. Amanda Semonche,Internal Medicine,Quakertown,PA,Symbicort,REP-103,Claire Vance,TERR-02,2,4,3,4,11,21.0,4214.56,0.95,0.009049835519917782,21.2,hybrid
1003000530,Dr. Amanda Semonche,Internal Medicine,Quakertown,PA,Synthroid,REP-104,Derek Sterling,TERR-02,2,4,1,1,35,71.0,2305.05,-1.13,-0.01117330059812538,70.2,hybrid
1003000530,Dr. Amanda Semonche,Internal Medicine,Quakertown,PA,Tamsulosin Hcl,REP-105,Elena Rostova,TERR-03,2,4,3,6,86,202.0,1511.36,3.17,0.03104031939464935,208.4,hybrid
1003000530,Dr. Amanda Semonche,Internal Medicine,Quakertown,PA,Tizanidine Hcl,REP-106,Fiona Gallagher,TERR-03,2,4,4,5,14,16.0,75.68,2.5,0.023256862164267034,16.4,hybrid
1003000530,Dr. Amanda Semonche,Internal Medicine,Quakertown,PA,Topiramate,REP-107,Garrett Vance,TERR-04,1,8,8,25,20,38.0,168.85,5.53,0.05244647537254288,40.1,hybrid
1003000530,Dr. Amanda Semonche,Internal Medicine,Quakertown,PA,Torsemide,REP-108,Hannah Abbott,TERR-04,2,4,4,8,28,42.0,164.25,2.86,0.027524673390090015,43.2,hybrid
1003000530,Dr. Amanda Semonche,Internal Medicine,Quakertown,PA,Tradjenta,REP-109,Ian Malcolm,TERR-05,3,2,1,2,16,16.0,8396.91,-0.62,-0.005899722127188145,15.9,hybrid
1003000530,Dr. Amanda Semonche,Internal Medicine,Quakertown,PA,Tramadol Hcl,REP-110,Julia Roberts,TERR-05,2,4,4,12,19,19.0,62.43,4.21,0.03922071315328157,19.8,hybrid
1003000530,Dr. Amanda Semonche,Internal Medicine,Quakertown,PA,Tramadol Hcl Er,REP-111,Kevin Bacon,TERR-06,3,2,2,3,11,11.0,289.65,2.73,0.0246926125903717,11.3,hybrid
1003000530,Dr. Amanda Semonche,Internal Medicine,Quakertown,PA,Tramadol Hcl-Acetaminophen,REP-112,Laura Croft,TERR-06,2,4,3,8,12,12.0,108.96,5.0,0.04512043528046972,12.6,hybrid
1003000530,Dr. Amanda Semonche,Internal Medicine,Quakertown,PA,Trazodone Hcl,REP-101,Alex Morgan,TERR-01,1,8,6,9,78,160.0,1832.81,3.25,0.031787517436884904,165.2,hybrid
1003000530,Dr. Amanda Semonche,Internal Medicine,Quakertown,PA,Trelegy Ellipta,REP-102,Brandon Hayes,TERR-01,1,8,6,15,11,15.0,8635.9,-0.67,-0.006269613013595077,14.9,hybrid
1003000530,Dr. Amanda Semonche,Internal Medicine,Quakertown,PA,Triamcinolone Acetonide,REP-103,Claire Vance,TERR-02,2,4,4,8,19,21.0,99.48,3.81,0.03571808260207909,21.8,hybrid
1003000530,Dr. Amanda Semonche,Internal Medicine,Quakertown,PA,Ultra-Fine Mini Pen Needle,REP-104,Derek Sterling,TERR-02,1,8,3,7,15,15.0,985.68,0.0,0.0,15.0,hybrid
1003000530,Dr. Amanda Semonche,Internal Medicine,Quakertown,PA,Valsartan,REP-105,Elena Rostova,TERR-03,1,8,9,15,73,175.9,2438.77,3.98,0.038807530444535665,182.9,hybrid
1003000530,Dr. Amanda Semonche,Internal Medicine,Quakertown,PA,Valsartan-Hydrochlorothiazide,REP-106,Fiona Gallagher,TERR-03,1,8,8,18,19,57.0,1797.04,4.21,0.040546094394350085,59.4,hybrid
1003000530,Dr. Amanda Semonche,Internal Medicine,Quakertown,PA,Venlafaxine Hcl,REP-107,Garrett Vance,TERR-04,2,4,3,10,12,24.0,384.61,3.33,0.03149866705937132,24.8,hybrid
1003000530,Dr. Amanda Semonche,Internal Medicine,Quakertown,PA,Venlafaxine Hcl Er,REP-108,Hannah Abbott,TERR-04,2,4,4,9,59,149.0,836.53,3.42,0.03343477608623768,154.1,hybrid
1003000530,Dr. Amanda Semonche,Internal Medicine,Quakertown,PA,Warfarin Sodium,REP-109,Ian Malcolm,TERR-05,2,4,2,6,23,59.6,147.17,2.18,0.021225286615281114,60.9,hybrid
1003000530,Dr. Amanda Semonche,Internal Medicine,Quakertown,PA,Wixela Inhub,REP-110,Julia Roberts,TERR-05,3,2,2,4,13,19.0,1237.77,5.79,0.05354076692802989,20.1,hybrid
1003000530,Dr. Amanda Semonche,Internal Medicine,Quakertown,PA,Xarelto,REP-111,Kevin Bacon,TERR-06,2,4,5,15,19,45.0,24157.49,-0.44,-0.004357305368956066,44.8,hybrid
1003000530,Dr. Amanda Semonche,Internal Medicine,Quakertown,PA,Zolpidem Tartrate,REP-112,Laura Croft,TERR-06,2,4,3,6,37,63.0,483.61,3.65,0.03530681383214507,65.3,hybrid
1003000530,Dr. Amanda Semonche,Internal Medicine,Quakertown,PA,Zolpidem Tartrate Er,REP-101,Alex Morgan,TERR-01,1,8,11,30,13,13.0,70.33,6.15,0.055569851154810834,13.8,hybrid
1003000597,Dr. Dae Kim,Urology,Tulsa,OK,Alfuzosin Hcl Er,REP-102,Brandon Hayes,TERR-01,1,8,9,28,14,42.0,281.97,3.81,0.03653374333245596,43.6,hybrid
1003000597,Dr. Dae Kim,Urology,Tulsa,OK,Amoxicillin-Clavulanate Potass,REP-103,Claire Vance,TERR-02,3,2,1,2,181,183.0,2286.08,-1.2,-0.012028575865607571,180.8,hybrid
1003000597,Dr. Dae Kim,Urology,Tulsa,OK,Cephalexin,REP-104,Derek Sterling,TERR-02,2,4,2,6,33,83.7,411.45,-0.6,-0.005920680409727375,83.2,hybrid
1003000597,Dr. Dae Kim,Urology,Tulsa,OK,Ciprofloxacin Hcl,REP-105,Elena Rostova,TERR-03,2,4,4,13,71,71.0,190.78,2.25,0.02197890671877545,72.6,hybrid
1003000597,Dr. Dae Kim,Urology,Tulsa,OK,Estradiol,REP-106,Fiona Gallagher,TERR-03,2,4,4,6,17,34.6,931.36,-0.29,-0.002812941376614919,34.5,hybrid
1003000597,Dr. Dae Kim,Urology,Tulsa,OK,Finasteride,REP-107,Garrett Vance,TERR-04,2,4,2,6,190,525.2,3093.34,3.26,0.03198028495128469,542.3,hybrid
1003000597,Dr. Dae Kim,Urology,Tulsa,OK,Gemtesa,REP-108,Hannah Abbott,TERR-04,2,4,5,7,166,286.0,135545.4,2.48,0.024437629800328153,293.1,hybrid
1003000597,Dr. Dae Kim,Urology,Tulsa,OK,Hydrocodone-Acetaminophen,REP-109,Ian Malcolm,TERR-05,3,2,1,3,307,307.0,1638.42,0.62,0.006149881820128655,308.9,hybrid
1003000597,Dr. Dae Kim,Urology,Tulsa,OK,Myrbetriq,REP-110,Julia Roberts,TERR-05,2,4,4,12,16,26.0,11354.96,11.92,0.10868830575050081,29.1,hybrid
1003000597,Dr. Dae Kim,Urology,Tulsa,OK,Nitrofurantoin Mono-Macro,REP-111,Kevin Bacon,TERR-06,3,2,2,3,11,11.0,129.89,0.91,0.008298802814695083,11.1,hybrid
1003000597,Dr. Dae Kim,Urology,Tulsa,OK,Orgovyx,REP-112,Laura Croft,TERR-06,2,4,3,10,15,15.0,39310.21,8.0,0.07232066157962613,16.2,hybrid
1003000597,Dr. Dae Kim,Urology,Tulsa,OK,Oxybutynin Chloride,REP-101,Alex Morgan,TERR-01,2,4,4,13,12,16.0,73.88,2.5,0.023256862164267034,16.4,hybrid
1003000597,Dr. Dae Kim,Urology,Tulsa,OK,Oxybutynin Chloride Er,REP-102,Brandon Hayes,TERR-01,1,8,9,14,64,128.7,1277.95,1.4,0.013782760295421248,130.5,hybrid
1003000597,Dr. Dae Kim,Urology,Tulsa,OK,Oxycodone-Acetaminophen,REP-103,Claire Vance,TERR-02,2,4,1,3,14,14.0,84.99,2.14,0.019802627296179764,14.3,hybrid
1003000597,Dr. Dae Kim,Urology,Tulsa,OK,Solifenacin Succinate,REP-104,Derek Sterling,TERR-02,2,4,2,4,95,175.7,3076.56,1.54,0.015164570299044833,178.4,hybrid
1003000597,Dr. Dae Kim,Urology,Tulsa,OK,Sulfamethoxazole-Trimethoprim,REP-105,Elena Rostova,TERR-03,2,4,2,5,72,73.0,115.26,4.25,0.04103818736511311,76.1,hybrid
1003000597,Dr. Dae Kim,Urology,Tulsa,OK,Tamsulosin Hcl,REP-106,Fiona Gallagher,TERR-03,1,8,6,17,519,1270.6,6490.04,4.86,0.047456121147312125,1332.4,hybrid
1003000597,Dr. Dae Kim,Urology,Tulsa,OK,Tramadol Hcl,REP-107,Garrett Vance,TERR-04,2,4,3,3,31,31.0,87.59,7.42,0.06940945137216747,33.3,hybrid
1003000720,Dr. Otniel Hernandez,Nurse Practitioner,Fort Myers,FL,Albuterol Sulfate Hfa,REP-108,Hannah Abbott,TERR-04,2,4,3,7,11,11.3,288.45,4.42,0.03984590854719938,11.8,hybrid
1003000720,Dr. Otniel Hernandez,Nurse Practitioner,Fort Myers,FL,Methylprednisolone,REP-109,Ian Malcolm,TERR-05,2,4,3,4,15,15.0,116.02,-3.33,-0.03174869831458027,14.5,hybrid
1003000738,Dr. Juliette Zumwalt,Physician Assistant,Houston,TX,Meloxicam,REP-110,Julia Roberts,TERR-05,2,4,4,10,27,27.0,40.49,4.81,0.04538300584781796,28.3,hybrid
1003000746,Dr. Mike Gallegos,Pharmacist,Placitas,NM,Abrysvo,REP-111,Kevin Bacon,TERR-06,2,4,4,5,30,30.0,8830.52,-0.33,-0.003231020581446753,29.9,hybrid
1003000746,Dr. Mike Gallegos,Pharmacist,Placitas,NM,Shingrix,REP-112,Laura Croft,TERR-06,3,2,2,2,25,25.0,5200.07,0.0,0.0,25.0,hybrid
1003000902,Dr. Jaivanti Lohano,Family Practice,Louisville,KY,Acyclovir,REP-101,Alex Morgan,TERR-01,1,8,10,12,19,19.0,210.85,8.42,0.07696104113612856,20.6,hybrid
1003000902,Dr. Jaivanti Lohano,Family Practice,Louisville,KY,Albuterol Sulfate Hfa,REP-102,Brandon Hayes,TERR-01,2,4,3,9,218,242.9,4672.7,7.45,0.07158619853922232,261.0,hybrid
1003000902,Dr. Jaivanti Lohano,Family Practice,Louisville,KY,Alendronate Sodium,REP-103,Claire Vance,TERR-02,1,8,2,4,31,87.0,128.15,2.76,0.026907452919924246,89.4,hybrid
1003000902,Dr. Jaivanti Lohano,Family Practice,Louisville,KY,Allopurinol,REP-104,Derek Sterling,TERR-02,1,8,2,4,36,105.0,322.73,-1.81,-0.018087118491143528,103.1,hybrid
1003000902,Dr. Jaivanti Lohano,Family Practice,Louisville,KY,Alprazolam,REP-105,Elena Rostova,TERR-03,2,4,5,15,55,57.0,156.98,8.42,0.0795120629277335,61.8,hybrid
1003000902,Dr. Jaivanti Lohano,Family Practice,Louisville,KY,Amitriptyline Hcl,REP-106,Fiona Gallagher,TERR-03,2,4,7,24,14,18.0,57.64,6.67,0.06124362524071891,19.2,hybrid
1003000902,Dr. Jaivanti Lohano,Family Practice,Louisville,KY,Amlodipine Besylate,REP-107,Garrett Vance,TERR-04,1,8,5,6,230,572.0,987.4,2.53,0.02499052930357415,586.5,hybrid
1003000902,Dr. Jaivanti Lohano,Family Practice,Louisville,KY,Anoro Ellipta,REP-108,Hannah Abbott,TERR-04,2,4,2,4,30,30.0,14146.66,1.67,0.016000341346440905,30.5,hybrid
1003000902,Dr. Jaivanti Lohano,Family Practice,Louisville,KY,Arnuity Ellipta,REP-109,Ian Malcolm,TERR-05,2,4,2,6,11,11.0,2566.93,2.73,0.0246926125903717,11.3,hybrid
1003000902,Dr. Jaivanti Lohano,Family Practice,Louisville,KY,Atenolol,REP-110,Julia Roberts,TERR-05,2,4,3,7,40,120.0,212.67,5.08,0.04918363259866698,126.1,hybrid
1003000902,Dr. Jaivanti Lohano,Family Practice,Louisville,KY,Atorvastatin Calcium,REP-111,Kevin Bacon,TERR-06,3,2,3,4,667,1532.9,4027.94,0.44,0.004358439164802164,1539.6,hybrid
1003000902,Dr. Jaivanti Lohano,Family Practice,Louisville,KY,Azithromycin,REP-112,Laura Croft,TERR-06,3,2,1,2,53,53.0,151.3,0.38,0.003696861881326008,53.2,hybrid
1003000902,Dr. Jaivanti Lohano,Family Practice,Louisville,KY,Baclofen,REP-101,Alex Morgan,TERR-01,1,8,10,16,25,25.0,80.6,6.0,0.05608946665104364,26.5,hybrid
1003000902,Dr. Jaivanti Lohano,Family Practice,Louisville,KY,Belsomra,REP-102,Brandon Hayes,TERR-01,1,8,10,23,12,12.0,5224.92,0.83,0.007662872745568983,12.1,hybrid
1003000902,Dr. Jaivanti Lohano,Family Practice,Louisville,KY,Benazepril Hcl,REP-103,Claire Vance,TERR-02,1,8,6,19,21,39.4,53.71,6.6,0.06237033072645781,42.0,hybrid
1003000902,Dr. Jaivanti Lohano,Family Practice,Louisville,KY,Breo Ellipta,REP-104,Derek Sterling,TERR-02,2,4,3,7,40,60.0,23639.61,4.0,0.03858999726986845,62.4,hybrid
1003000902,Dr. Jaivanti Lohano,Family Practice,Louisville,KY,Breyna,REP-105,Elena Rostova,TERR-03,2,4,4,13,11,19.1,1305.08,7.85,0.07197349962508914,20.6,hybrid
1003000902,Dr. Jaivanti Lohano,Family Practice,Louisville,KY,Breztri Aerosphere,REP-106,Fiona Gallagher,TERR-03,1,8,10,32,14,18.0,11254.7,4.44,0.04124295853404947,18.8,hybrid
1003000902,Dr. Jaivanti Lohano,Family Practice,Louisville,KY,Budesonide-Formoterol Fumarate,REP-107,Garrett Vance,TERR-04,2,4,3,5,14,16.0,1065.45,3.12,0.028987536873252395,16.5,hybrid
1003000902,Dr. Jaivanti Lohano,Family Practice,Louisville,KY,Bumetanide,REP-108,Hannah Abbott,TERR-04,2,4,4,10,24,24.0,172.42,4.58,0.04305948946044724,25.1,hybrid
1003000902,Dr. Jaivanti Lohano,Family Practice,Louisville,KY,Bupropion Hcl Sr,REP-109,Ian Malcolm,TERR-05,2,4,1,2,14,24.0,148.94,2.5,0.02371652661731627,24.6,hybrid
1003000902,Dr. Jaivanti Lohano,Family Practice,Louisville,KY,Bupropion Xl,REP-110,Julia Roberts,TERR-05,3,2,2,3,24,40.0,352.33,2.75,0.026475673984027726,41.1,hybrid
1003000902,Dr. Jaivanti Lohano,Family Practice,Louisville,KY,Buspirone Hcl,REP-111,Kevin Bacon,TERR-06,2,4,5,10,98,129.0,693.37,3.57,0.034772966755045154,133.6,hybrid
1003000902,Dr. Jaivanti Lohano,Family Practice,Louisville,KY,Carvedilol,REP-112,Laura Croft,TERR-06,3,2,1,1,61,111.0,183.93,3.6,0.03509131981127034,115.0,hybrid
1003000902,Dr. Jaivanti Lohano,Family Practice,Louisville,KY,Celecoxib,REP-101,Alex Morgan,TERR-01,1,8,5,13,24,48.0,615.88,8.75,0.08223809823697215,52.2,hybrid
1003000902,Dr. Jaivanti Lohano,Family Practice,Louisville,KY,Cephalexin,REP-102,Brandon Hayes,TERR-01,1,8,8,16,19,19.0,55.61,-0.53,-0.005012541823544048,18.9,hybrid
1003000902,Dr. Jaivanti Lohano,Family Practice,Louisville,KY,Chlorthalidone,REP-103,Claire Vance,TERR-02,2,4,3,8,13,39.0,131.44,3.08,0.029558802241544502,40.2,hybrid
1003000902,Dr. Jaivanti Lohano,Family Practice,Louisville,KY,Ciprofloxacin Hcl,REP-104,Derek Sterling,TERR-02,3,2,1,3,13,13.0,56.99,3.85,0.03509131981127034,13.5,hybrid
1003000902,Dr. Jaivanti Lohano,Family Practice,Louisville,KY,Citalopram Hbr,REP-105,Elena Rostova,TERR-03,1,8,8,10,70,168.0,256.72,7.5,0.07190775124411974,180.6,hybrid
1003000902,Dr. Jaivanti Lohano,Family Practice,Louisville,KY,Clonazepam,REP-106,Fiona Gallagher,TERR-03,1,8,7,8,52,52.0,191.92,1.54,0.014981553615616594,52.8,hybrid
1003000902,Dr. Jaivanti Lohano,Family Practice,Louisville,KY,Clonidine Hcl,REP-107,Garrett Vance,TERR-04,1,8,5,13,57,107.0,209.72,6.54,0.06280090123903026,114.0,hybrid
1003000902,Dr. Jaivanti Lohano,Family Practice,Louisville,KY,Clopidogrel,REP-108,Hannah Abbott,TERR-04,2,4,3,4,87,179.2,665.21,7.42,0.07121016729559937,192.5,hybrid
1003000902,Dr. Jaivanti Lohano,Family Practice,Louisville,KY,Clotrimazole-Betamethasone,REP-109,Ian Malcolm,TERR-05,2,4,4,4,16,16.0,212.98,2.5,0.023256862164267034,16.4,hybrid
1003000902,Dr. Jaivanti Lohano,Family Practice,Louisville,KY,Cyclobenzaprine Hcl,REP-110,Julia Roberts,TERR-05,3,2,2,4,45,49.0,36.9,4.69,0.044973365642731356,51.3,hybrid
1003000902,Dr. Jaivanti Lohano,Family Practice,Louisville,KY,Dextroamphetamine-Amphetamine,REP-111,Kevin Bacon,TERR-06,2,4,4,7,23,23.0,509.06,4.35,0.04082199452025481,24.0,hybrid
1003000902,Dr. Jaivanti Lohano,Family Practice,Louisville,KY,Diclofenac Sodium,REP-112,Laura Croft,TERR-06,3,2,1,2,29,43.0,75.99,6.51,0.061693569005340176,45.8,hybrid
1003000902,Dr. Jaivanti Lohano,Family Practice,Louisville,KY,Dicyclomine Hcl,REP-101,Alex Morgan,TERR-01,1,8,10,20,22,24.0,225.76,7.08,0.06578774053800318,25.7,hybrid
1003000902,Dr. Jaivanti Lohano,Family Practice,Louisville,KY,Digoxin,REP-102,Brandon Hayes,TERR-01,2,4,4,8,16,16.0,130.73,-0.62,-0.005899722127188145,15.9,hybrid
1003000902,Dr. Jaivanti Lohano,Family Practice,Louisville,KY,Diltiazem 24hr Er (Cd),REP-103,Claire Vance,TERR-02,2,4,2,5,26,42.0,1363.45,4.29,0.04100802372737711,43.8,hybrid
1003000902,Dr. Jaivanti Lohano,Family Practice,Louisville,KY,Donepezil Hcl,REP-104,Derek Sterling,TERR-02,1,8,5,12,13,15.0,48.67,0.0,0.0,15.0,hybrid
1003000902,Dr. Jaivanti Lohano,Family Practice,Louisville,KY,Duloxetine Hcl,REP-105,Elena Rostova,TERR-03,1,8,11,17,23,35.0,196.15,6.29,0.05931657715641947,37.2,hybrid
1003000902,Dr. Jaivanti Lohano,Family Practice,Louisville,KY,Eliquis,REP-106,Fiona Gallagher,TERR-03,2,4,5,6,102,146.0,82462.93,4.25,0.04131167052775453,152.2,hybrid
1003000902,Dr. Jaivanti Lohano,Family Practice,Louisville,KY,Escitalopram Oxalate,REP-107,Garrett Vance,TERR-04,2,4,2,2,112,260.0,950.48,3.85,0.037598413557007326,270.0,hybrid
1003000902,Dr. Jaivanti Lohano,Family Practice,Louisville,KY,Esomeprazole Magnesium,REP-108,Hannah Abbott,TERR-04,2,4,3,10,35,90.0,444.08,0.11,0.00109829774906256,90.1,hybrid
1003000902,Dr. Jaivanti Lohano,Family Practice,Louisville,KY,Ezetimibe,REP-109,Ian Malcolm,TERR-05,2,4,4,5,21,59.0,235.47,-0.34,-0.0033389012655140604,58.8,hybrid
1003000902,Dr. Jaivanti Lohano,Family Practice,Louisville,KY,Famotidine,REP-110,Julia Roberts,TERR-05,2,4,4,9,28,60.3,213.22,1.99,0.019386713800190414,61.5,hybrid
1003000902,Dr. Jaivanti Lohano,Family Practice,Louisville,KY,Fenofibrate,REP-111,Kevin Bacon,TERR-06,2,4,4,8,69,153.9,1852.43,1.62,0.016010588560479988,156.4,hybrid
1003000902,Dr. Jaivanti Lohano,Family Practice,Louisville,KY,Fluconazole,REP-112,Laura Croft,TERR-06,3,2,1,1,35,35.0,127.66,-3.14,-0.031032109247728368,33.9,hybrid
1003000902,Dr. Jaivanti Lohano,Family Practice,Louisville,KY,Fluoxetine Hcl,REP-101,Alex Morgan,TERR-01,2,4,3,10,32,82.0,116.33,7.93,0.07539801748421127,88.5,hybrid
1003000902,Dr. Jaivanti Lohano,Family Practice,Louisville,KY,Fluticasone Propionate,REP-102,Brandon Hayes,TERR-01,2,4,6,8,75,138.0,1111.49,1.88,0.01853224812892762,140.6,hybrid
1003000902,Dr. Jaivanti Lohano,Family Practice,Louisville,KY,Fluticasone-Salmeterol,REP-103,Claire Vance,TERR-02,2,4,3,7,34,48.0,2561.17,0.0,0.0,48.0,hybrid
1003000902,Dr. Jaivanti Lohano,Family Practice,Louisville,KY,Furosemide,REP-104,Derek Sterling,TERR-02,3,2,1,1,116,176.0,332.91,3.35,0.032789822822991255,181.9,hybrid
1003000902,Dr. Jaivanti Lohano,Family Practice,Louisville,KY,Gabapentin,REP-105,Elena Rostova,TERR-03,2,4,5,9,227,323.0,1945.94,5.05,0.04908406571453128,339.3,hybrid
1003000902,Dr. Jaivanti Lohano,Family Practice,Louisville,KY,Glimepiride,REP-106,Fiona Gallagher,TERR-03,1,8,10,29,43,103.0,225.03,8.93,0.08476526662771011,112.2,hybrid
1003000902,Dr. Jaivanti Lohano,Family Practice,Louisville,KY,Glipizide Er,REP-107,Garrett Vance,TERR-04,1,8,2,3,16,24.0,155.23,-2.5,-0.024292692569044316,23.4,hybrid
1003000902,Dr. Jaivanti Lohano,Family Practice,Louisville,KY,Hydralazine Hcl,REP-108,Hannah Abbott,TERR-04,2,4,3,9,40,86.0,472.03,3.37,0.032789822822991255,88.9,hybrid
1003000902,Dr. Jaivanti Lohano,Family Practice,Louisville,KY,Hydrochlorothiazide,REP-109,Ian Malcolm,TERR-05,2,4,2,5,85,205.0,127.64,0.83,0.008218562092485726,206.7,hybrid
1003000902,Dr. Jaivanti Lohano,Family Practice,Louisville,KY,Hydrocodone-Acetaminophen,REP-110,Julia Roberts,TERR-05,3,2,3,6,43,43.0,689.44,0.7,0.006795043132828749,43.3,hybrid
1003000902,Dr. Jaivanti Lohano,Family Practice,Louisville,KY,Hydroxyzine Hcl,REP-111,Kevin Bacon,TERR-06,2,4,5,15,36,48.0,186.74,1.04,0.010152371464018373,48.5,hybrid
1003000902,Dr. Jaivanti Lohano,Family Practice,Louisville,KY,Ibuprofen,REP-112,Laura Croft,TERR-06,2,4,3,4,21,21.0,51.25,2.86,0.026907452919924246,21.6,hybrid
1003000902,Dr. Jaivanti Lohano,Family Practice,Louisville,KY,Isosorbide Mononitrate Er,REP-101,Alex Morgan,TERR-01,2,4,3,8,29,45.0,110.26,7.56,0.07130902770478187,48.4,hybrid
1003000902,Dr. Jaivanti Lohano,Family Practice,Louisville,KY,Janumet,REP-102,Brandon Hayes,TERR-01,1,8,10,33,12,12.0,6764.28,3.33,0.030305349495328926,12.4,hybrid
1003000902,Dr. Jaivanti Lohano,Family Practice,Louisville,KY,Januvia,REP-103,Claire Vance,TERR-02,2,4,1,3,18,22.0,12254.97,-1.36,-0.013129291441792645,21.7,hybrid
1003000902,Dr. Jaivanti Lohano,Family Practice,Louisville,KY,Jardiance,REP-104,Derek Sterling,TERR-02,2,4,5,7,40,54.0,32328.42,1.11,0.010850016024065212,54.6,hybrid
1003000902,Dr. Jaivanti Lohano,Family Practice,Louisville,KY,Lantus Solostar,REP-105,Elena Rostova,TERR-03,1,8,7,18,30,58.6,3709.56,5.8,0.055479152320228486,62.0,hybrid
1003000902,Dr. Jaivanti Lohano,Family Practice,Louisville,KY,Levothyroxine Sodium,REP-106,Fiona Gallagher,TERR-03,1,8,6,19,246,572.3,1850.16,2.55,0.025147725493871675,586.9,hybrid
1003000902,Dr. Jaivanti Lohano,Family Practice,Louisville,KY,Lisinopril,REP-107,Garrett Vance,TERR-04,2,4,3,3,337,787.2,1615.83,2.91,0.028639486315395146,810.1,hybrid
1003000902,Dr. Jaivanti Lohano,Family Practice,Louisville,KY,Lisinopril-Hydrochlorothiazide,REP-108,Hannah Abbott,TERR-04,2,4,5,15,59,177.0,361.43,2.94,0.028794901947945206,182.2,hybrid
1003000902,Dr. Jaivanti Lohano,Family Practice,Louisville,KY,Lorazepam,REP-109,Ian Malcolm,TERR-05,2,4,2,3,54,54.0,319.24,4.07,0.039220713153280684,56.2,hybrid
1003000902,Dr. Jaivanti Lohano,Family Practice,Louisville,KY,Losartan Potassium,REP-110,Julia Roberts,TERR-05,2,4,4,12,124,322.9,1053.46,4.74,0.046155077740464456,338.2,hybrid
1003000902,Dr. Jaivanti Lohano,Family Practice,Louisville,KY,Losartan-Hydrochlorothiazide,REP-111,Kevin Bacon,TERR-06,2,4,5,13,25,75.0,226.51,1.73,0.0169606153070454,76.3,hybrid
1003000902,Dr. Jaivanti Lohano,Family Practice,Louisville,KY,Lovastatin,REP-112,Laura Croft,TERR-06,3,2,2,4,21,63.0,106.14,0.79,0.007782140442055052,63.5,hybrid
1003000902,Dr. Jaivanti Lohano,Family Practice,Louisville,KY,Meclizine Hcl,REP-101,Alex Morgan,TERR-01,1,8,10,27,25,25.0,88.18,4.8,0.04512043528046927,26.2,hybrid
1003000902,Dr. Jaivanti Lohano,Family Practice,Louisville,KY,Meloxicam,REP-102,Brandon Hayes,TERR-01,2,4,4,10,104,132.0,109.48,1.82,0.017884232256420773,134.4,hybrid
1003000902,Dr. Jaivanti Lohano,Family Practice,Louisville,KY,Metformin Hcl,REP-103,Claire Vance,TERR-02,3,2,1,1,210,469.0,705.15,-0.47,-0.004691840554025717,466.8,hybrid
1003000902,Dr. Jaivanti Lohano,Family Practice,Louisville,KY,Metformin Hcl Er,REP-104,Derek Sterling,TERR-02,3,2,1,2,13,31.0,87.09,-7.1,-0.07122750928836785,28.8,hybrid
1003000902,Dr. Jaivanti Lohano,Family Practice,Louisville,KY,Methocarbamol,REP-105,Elena Rostova,TERR-03,2,4,4,13,15,15.0,25.37,5.33,0.04879016416943216,15.8,hybrid
1003000902,Dr. Jaivanti Lohano,Family Practice,Louisville,KY,Methylprednisolone,REP-106,Fiona Gallagher,TERR-03,2,4,3,4,30,30.0,116.71,2.33,0.022329476398088577,30.7,hybrid
1003000902,Dr. Jaivanti Lohano,Family Practice,Louisville,KY,Metoclopramide Hcl,REP-107,Garrett Vance,TERR-04,2,4,3,3,15,27.0,60.44,4.44,0.04196419909903204,28.2,hybrid
1003000902,Dr. Jaivanti Lohano,Family Practice,Louisville,KY,Metoprolol Succinate,REP-108,Hannah Abbott,TERR-04,2,4,4,6,125,259.8,1244.4,1.39,0.013709277925032737,263.4,hybrid
1003000902,Dr. Jaivanti Lohano,Family Practice,Louisville,KY,Metoprolol Tartrate,REP-109,Ian Malcolm,TERR-05,3,2,0,0,146,304.6,637.23,0.26,0.002614380574070374,305.4,hybrid
1003000902,Dr. Jaivanti Lohano,Family Practice,Louisville,KY,Mirtazapine,REP-110,Julia Roberts,TERR-05,3,2,3,4,45,47.0,271.9,-1.28,-0.01257878220686015,46.4,hybrid
1003000902,Dr. Jaivanti Lohano,Family Practice,Louisville,KY,Montelukast Sodium,REP-111,Kevin Bacon,TERR-06,2,4,6,20,116,271.2,444.63,2.03,0.020004304095388115,276.7,hybrid
1003000902,Dr. Jaivanti Lohano,Family Practice,Louisville,KY,Morphine Sulfate,REP-112,Laura Croft,TERR-06,2,4,3,8,18,18.0,267.34,4.44,0.04124295853404947,18.8,hybrid
1003000902,Dr. Jaivanti Lohano,Family Practice,Louisville,KY,Myrbetriq,REP-101,Alex Morgan,TERR-01,1,8,9,17,12,12.0,5400.01,5.0,0.04512043528046972,12.6,hybrid
1003000902,Dr. Jaivanti Lohano,Family Practice,Louisville,KY,Nitrofurantoin Mono-Macro,REP-102,Brandon Hayes,TERR-01,1,8,10,30,34,34.0,293.52,-0.59,-0.0057306747089849175,33.8,hybrid
1003000902,Dr. Jaivanti Lohano,Family Practice,Louisville,KY,Olmesartan Medoxomil,REP-103,Claire Vance,TERR-02,2,4,2,6,12,36.0,210.13,3.33,0.03191760296830504,37.2,hybrid
1003000902,Dr. Jaivanti Lohano,Family Practice,Louisville,KY,Omeprazole,REP-104,Derek Sterling,TERR-02,2,4,1,2,245,513.0,1175.2,0.47,0.0046583935173218904,515.4,hybrid
1003000902,Dr. Jaivanti Lohano,Family Practice,Louisville,KY,Ondansetron Hcl,REP-105,Elena Rostova,TERR-03,1,8,10,31,27,27.0,164.12,10.37,0.09531017980432521,29.8,hybrid
1003000902,Dr. Jaivanti Lohano,Family Practice,Louisville,KY,Ondansetron Odt,REP-106,Fiona Gallagher,TERR-03,2,4,4,13,43,43.0,995.12,6.28,0.05955453075659056,45.7,hybrid
1003000902,Dr. Jaivanti Lohano,Family Practice,Louisville,KY,Ozempic,REP-107,Garrett Vance,TERR-04,2,4,2,4,35,42.3,37646.44,-3.31,-0.03286680808035225,40.9,hybrid
1003000902,Dr. Jaivanti Lohano,Family Practice,Louisville,KY,Pantoprazole Sodium,REP-108,Hannah Abbott,TERR-04,1,8,6,18,161,320.8,1376.29,0.69,0.006813281234046009,323.0,hybrid
1003000902,Dr. Jaivanti Lohano,Family Practice,Louisville,KY,Paroxetine Hcl,REP-109,Ian Malcolm,TERR-05,3,2,1,1,37,95.0,311.31,2.84,0.027736754971599886,97.7,hybrid
1003000902,Dr. Jaivanti Lohano,Family Practice,Louisville,KY,Potassium Chloride,REP-110,Julia Roberts,TERR-05,2,4,5,14,127,239.1,1427.0,3.18,0.031162833268106205,246.7,hybrid
1003000902,Dr. Jaivanti Lohano,Family Practice,Louisville,KY,Pramipexole Dihydrochloride,REP-111,Kevin Bacon,TERR-06,3,2,2,5,16,26.0,290.39,1.54,0.014706147389695445,26.4,hybrid
1003000902,Dr. Jaivanti Lohano,Family Practice,Louisville,KY,Pravastatin Sodium,REP-112,Laura Croft,TERR-06,3,2,1,2,99,239.0,685.65,-0.71,-0.007108539237294487,237.3,hybrid
1003000902,Dr. Jaivanti Lohano,Family Practice,Louisville,KY,Prednisone,REP-101,Alex Morgan,TERR-01,1,8,9,15,49,57.0,36.84,7.02,0.06669137449867257,61.0,hybrid
1003000902,Dr. Jaivanti Lohano,Family Practice,Louisville,KY,Pregabalin,REP-102,Brandon Hayes,TERR-01,2,4,4,7,20,30.0,321.53,4.0,0.03797924806521635,31.2,hybrid
1003000902,Dr. Jaivanti Lohano,Family Practice,Louisville,KY,Propranolol Hcl,REP-103,Claire Vance,TERR-02,2,4,4,10,15,21.4,146.7,1.87,0.017699577099401065,21.8,hybrid
1003000902,Dr. Jaivanti Lohano,Family Practice,Louisville,KY,Quetiapine Fumarate,REP-104,Derek Sterling,TERR-02,2,4,1,2,36,67.0,340.98,-0.15,-0.001471670611456588,66.9,hybrid
1003000902,Dr. Jaivanti Lohano,Family Practice,Louisville,KY,Ropinirole Hcl,REP-105,Elena Rostova,TERR-03,2,4,3,8,23,38.0,87.57,3.42,0.03278982282299081,39.3,hybrid
1003000902,Dr. Jaivanti Lohano,Family Practice,Louisville,KY,Rosuvastatin Calcium,REP-106,Fiona Gallagher,TERR-03,1,8,10,14,63,171.0,602.27,4.56,0.04435064522406762,178.8,hybrid
1003000902,Dr. Jaivanti Lohano,Family Practice,Louisville,KY,Sertraline Hcl,REP-107,Garrett Vance,TERR-04,2,4,2,6,99,245.0,243.31,3.06,0.03003228709887562,252.5,hybrid
1003000902,Dr. Jaivanti Lohano,Family Practice,Louisville,KY,Simvastatin,REP-108,Hannah Abbott,TERR-04,1,8,5,16,100,274.0,500.63,4.49,0.043755868318672064,286.3,hybrid
1003000902,Dr. Jaivanti Lohano,Family Practice,Louisville,KY,Spironolactone,REP-109,Ian Malcolm,TERR-05,2,4,3,4,16,36.0,59.54,-0.56,-0.005420067469338985,35.8,hybrid
1003000902,Dr. Jaivanti Lohano,Family Practice,Louisville,KY,Sulfamethoxazole-Trimethoprim,REP-110,Julia Roberts,TERR-05,2,4,5,10,11,11.0,18.05,2.73,0.0246926125903717,11.3,hybrid
1003000902,Dr. Jaivanti Lohano,Family Practice,Louisville,KY,Symbicort,REP-111,Kevin Bacon,TERR-06,3,2,1,3,22,36.0,7626.7,3.33,0.03191760296830504,37.2,hybrid
1003000902,Dr. Jaivanti Lohano,Family Practice,Louisville,KY,Synthroid,REP-112,Laura Croft,TERR-06,3,2,1,1,38,98.0,2669.76,-0.41,-0.0040485885260004295,97.6,hybrid
1003000902,Dr. Jaivanti Lohano,Family Practice,Louisville,KY,Tamsulosin Hcl,REP-101,Alex Morgan,TERR-01,1,8,7,22,54,104.5,258.49,3.92,0.03812642159779411,108.6,hybrid
1003000902,Dr. Jaivanti Lohano,Family Practice,Louisville,KY,Tizanidine Hcl,REP-102,Brandon Hayes,TERR-01,2,4,4,11,43,47.0,349.79,4.04,0.038819991849581736,48.9,hybrid
1003000902,Dr. Jaivanti Lohano,Family Practice,Louisville,KY,Topiramate,REP-103,Claire Vance,TERR-02,3,2,1,2,14,16.0,110.86,-4.38,-0.04204823624349929,15.3,hybrid
1003000902,Dr. Jaivanti Lohano,Family Practice,Louisville,KY,Tramadol Hcl,REP-104,Derek Sterling,TERR-02,2,4,1,1,29,29.0,116.63,2.76,0.026317308317373556,29.8,hybrid
1003000902,Dr. Jaivanti Lohano,Family Practice,Louisville,KY,Trazodone Hcl,REP-105,Elena Rostova,TERR-03,1,8,9,19,74,121.0,257.91,4.71,0.045662718305236716,126.7,hybrid
1003000902,Dr. Jaivanti Lohano,Family Practice,Louisville,KY,Trelegy Ellipta,REP-106,Fiona Gallagher,TERR-03,1,8,9,12,54,54.0,33973.79,5.56,0.05310982531394792,57.0,hybrid
1003000902,Dr. Jaivanti Lohano,Family Practice,Louisville,KY,Triamterene-Hydrochlorothiazid,REP-107,Garrett Vance,TERR-04,2,4,3,6,22,66.0,141.38,2.42,0.023599915340874134,67.6,hybrid
1003000902,Dr. Jaivanti Lohano,Family Practice,Louisville,KY,Trintellix,REP-108,Hannah Abbott,TERR-04,2,4,5,6,12,12.0,5780.28,10.0,0.08829260714567821,13.2,hybrid
1003000902,Dr. Jaivanti Lohano,Family Practice,Louisville,KY,Valacyclovir,REP-109,Ian Malcolm,TERR-05,2,4,1,3,12,26.0,706.44,2.69,0.025595547188963508,26.7,hybrid
1003000902,Dr. Jaivanti Lohano,Family Practice,Louisville,KY,Valsartan,REP-110,Julia Roberts,TERR-05,2,4,5,13,13,39.0,21.44,4.1,0.03922071315328157,40.6,hybrid
1003000902,Dr. Jaivanti Lohano,Family Practice,Louisville,KY,Valsartan-Hydrochlorothiazide,REP-111,Kevin Bacon,TERR-06,3,2,2,4,16,22.0,159.58,0.91,0.008658062743114758,22.2,hybrid
1003000902,Dr. Jaivanti Lohano,Family Practice,Louisville,KY,Venlafaxine Hcl Er,REP-112,Laura Croft,TERR-06,3,2,1,3,43,84.0,284.06,-2.86,-0.028641575963384014,81.6,hybrid
1003000902,Dr. Jaivanti Lohano,Family Practice,Louisville,KY,Ventolin Hfa,REP-101,Alex Morgan,TERR-01,1,8,5,6,20,20.2,1056.63,2.48,0.023311078868446966,20.7,hybrid
1003000902,Dr. Jaivanti Lohano,Family Practice,Louisville,KY,Verapamil Er,REP-102,Brandon Hayes,TERR-01,1,8,11,20,27,81.0,522.45,5.19,0.049950930405394445,85.2,hybrid
1003000902,Dr. Jaivanti Lohano,Family Practice,Louisville,KY,Xarelto,REP-103,Claire Vance,TERR-02,2,4,2,5,21,39.0,21707.94,5.13,0.04879016416943216,41.0,hybrid
1003000902,Dr. Jaivanti Lohano,Family Practice,Louisville,KY,Zolpidem Tartrate,REP-104,Derek Sterling,TERR-02,3,2,1,1,82,90.0,329.66,0.56,0.005479465764626212,90.5,hybrid
1003000902,Dr. Jaivanti Lohano,Family Practice,Louisville,KY,Zonisamide,REP-105,Elena Rostova,TERR-03,1,8,9,22,12,12.0,276.08,5.0,0.04512043528046972,12.6,hybrid
1003000936,Dr. Mark Stellingworth,Cardiology,Hartsville,SC,Acetazolamide,REP-106,Fiona Gallagher,TERR-03,2,4,5,10,11,15.0,582.93,1.33,0.012422519998557036,15.2,hybrid
1003000936,Dr. Mark Stellingworth,Cardiology,Hartsville,SC,Amiodarone Hcl,REP-107,Garrett Vance,TERR-04,2,4,2,2,19,33.0,262.01,0.61,0.005865119452398204,33.2,hybrid
1003000936,Dr. Mark Stellingworth,Cardiology,Hartsville,SC,Amlodipine Besylate,REP-108,Hannah Abbott,TERR-04,1,8,9,30,164,284.0,598.83,5.56,0.053956411807034144,299.8,hybrid
1003000936,Dr. Mark Stellingworth,Cardiology,Hartsville,SC,Atorvastatin Calcium,REP-109,Ian Malcolm,TERR-05,2,4,2,5,25,66.0,258.71,-0.3,-0.0029895388483653917,65.8,hybrid
1003000936,Dr. Mark Stellingworth,Cardiology,Hartsville,SC,Brilinta,REP-110,Julia Roberts,TERR-05,2,4,5,9,11,11.0,5168.69,6.36,0.056695343676545384,11.7,hybrid
1003000936,Dr. Mark Stellingworth,Cardiology,Hartsville,SC,Bumetanide,REP-111,Kevin Bacon,TERR-06,3,2,2,4,11,13.0,121.55,2.31,0.0212022076506031,13.3,hybrid
1003000936,Dr. Mark Stellingworth,Cardiology,Hartsville,SC,Carvedilol,REP-112,Laura Croft,TERR-06,2,4,1,2,48,80.0,259.39,2.0,0.019560525854493527,81.6,hybrid
1003000936,Dr. Mark Stellingworth,Cardiology,Hartsville,SC,Chlorthalidone,REP-101,Alex Morgan,TERR-01,1,8,10,17,74,149.0,988.75,3.42,0.03343477608623768,154.1,hybrid
1003000936,Dr. Mark Stellingworth,Cardiology,Hartsville,SC,Diltiazem 24hr Er (Cd),REP-102,Brandon Hayes,TERR-01,2,4,3,10,12,16.0,213.44,-1.25,-0.01183445764700286,15.8,hybrid
1003000936,Dr. Mark Stellingworth,Cardiology,Hartsville,SC,Eliquis,REP-103,Claire Vance,TERR-02,3,2,2,5,84,117.5,65098.88,11.06,0.10409389104263322,130.5,hybrid
1003000936,Dr. Mark Stellingworth,Cardiology,Hartsville,SC,Entresto,REP-104,Derek Sterling,TERR-02,1,8,5,14,42,48.0,31700.29,0.83,0.008130126083250477,48.4,hybrid
1003000936,Dr. Mark Stellingworth,Cardiology,Hartsville,SC,Ezetimibe,REP-105,Elena Rostova,TERR-03,1,8,9,21,232,316.0,2443.19,8.89,0.08493245622667711,344.1,hybrid
1003000936,Dr. Mark Stellingworth,Cardiology,Hartsville,SC,Furosemide,REP-106,Fiona Gallagher,TERR-03,2,4,6,17,16,28.0,43.01,3.93,0.037229341768355795,29.1,hybrid
1003000936,Dr. Mark Stellingworth,Cardiology,Hartsville,SC,Isosorbide Mononitrate Er,REP-107,Garrett Vance,TERR-04,2,4,3,5,47,73.0,234.5,5.89,0.05648250979258762,77.3,hybrid
1003000936,Dr. Mark Stellingworth,Cardiology,Hartsville,SC,Jardiance,REP-108,Hannah Abbott,TERR-04,2,4,5,12,14,18.0,10566.1,-2.78,-0.02666824708216131,17.5,hybrid
1003000936,Dr. Mark Stellingworth,Cardiology,Hartsville,SC,Lisinopril,REP-109,Ian Malcolm,TERR-05,2,4,2,4,21,39.0,92.17,-0.51,-0.005012541823544492,38.8,hybrid
1003000936,Dr. Mark Stellingworth,Cardiology,Hartsville,SC,Losartan Potassium,REP-110,Julia Roberts,TERR-05,2,4,3,10,59,161.0,676.02,6.52,0.06280090123903115,171.5,hybrid
1003000936,Dr. Mark Stellingworth,Cardiology,Hartsville,SC,Metoprolol Succinate,REP-111,Kevin Bacon,TERR-06,2,4,4,9,57,79.0,539.53,2.41,0.02347235618514265,80.9,hybrid
1003000936,Dr. Mark Stellingworth,Cardiology,Hartsville,SC,Metoprolol Tartrate,REP-112,Laura Croft,TERR-06,2,4,2,3,44,82.0,117.86,-0.98,-0.00968530573446369,81.2,hybrid
1003000936,Dr. Mark Stellingworth,Cardiology,Hartsville,SC,Nebivolol Hcl,REP-101,Alex Morgan,TERR-01,1,8,10,24,53,70.0,2044.74,7.29,0.0693683878263247,75.1,hybrid
1003000936,Dr. Mark Stellingworth,Cardiology,Hartsville,SC,Nexlizet,REP-102,Brandon Hayes,TERR-01,2,4,3,4,11,15.0,5951.72,1.33,0.012422519998557036,15.2,hybrid
1003000936,Dr. Mark Stellingworth,Cardiology,Hartsville,SC,Potassium Chloride,REP-103,Claire Vance,TERR-02,3,2,1,2,13,21.0,150.25,3.33,0.03132247112904096,21.7,hybrid
1003000936,Dr. Mark Stellingworth,Cardiology,Hartsville,SC,Pravastatin Sodium,REP-104,Derek Sterling,TERR-02,2,4,2,3,22,42.0,279.12,2.86,0.027524673390090015,43.2,hybrid
1003000936,Dr. Mark Stellingworth,Cardiology,Hartsville,SC,Repatha Syringe,REP-105,Elena Rostova,TERR-03,2,4,4,7,14,14.0,3868.38,0.71,0.006644542718668767,14.1,hybrid
1003000936,Dr. Mark Stellingworth,Cardiology,Hartsville,SC,Rosuvastatin Calcium,REP-106,Fiona Gallagher,TERR-03,2,4,4,13,90,246.8,1153.82,0.53,0.005232453073093168,248.1,hybrid
1003000936,Dr. Mark Stellingworth,Cardiology,Hartsville,SC,Spironolactone,REP-107,Garrett Vance,TERR-04,2,4,4,8,53,101.0,259.07,6.04,0.05808391136089153,107.1,hybrid
1003001207,Dr. Niloo Gorji,Dentist,Tolland,CT,Amoxicillin,REP-108,Hannah Abbott,TERR-04,1,8,7,14,32,32.0,73.29,4.06,0.03863779270541379,33.3,hybrid
1003001207,Dr. Niloo Gorji,Dentist,Tolland,CT,Pilocarpine Hcl,REP-109,Ian Malcolm,TERR-05,2,4,1,2,12,24.0,539.12,2.5,0.02371652661731627,24.6,hybrid
1003001256,Dr. Jennifer Caragol,Family Practice,Evans,CO,Alendronate Sodium,REP-110,Julia Roberts,TERR-05,3,2,2,5,11,30.8,135.15,1.62,0.01560094044247995,31.3,hybrid
1003001256,Dr. Jennifer Caragol,Family Practice,Evans,CO,Amlodipine Besylate,REP-111,Kevin Bacon,TERR-06,3,2,3,5,27,77.0,179.69,1.17,0.011472401162237134,77.9,hybrid
1003001256,Dr. Jennifer Caragol,Family Practice,Evans,CO,Atorvastatin Calcium,REP-112,Laura Croft,TERR-06,2,4,3,8,47,115.0,360.65,1.83,0.017941532096951818,117.1,hybrid
1003001256,Dr. Jennifer Caragol,Family Practice,Evans,CO,Fluticasone Propionate,REP-101,Alex Morgan,TERR-01,2,4,3,10,19,19.0,332.94,2.63,0.0246926125903717,19.5,hybrid
1003001256,Dr. Jennifer Caragol,Family Practice,Evans,CO,Gabapentin,REP-102,Brandon Hayes,TERR-01,2,4,4,13,14,36.0,203.6,5.56,0.05264373348542195,38.0,hybrid
1003001256,Dr. Jennifer Caragol,Family Practice,Evans,CO,Hydroxyzine Hcl,REP-103,Claire Vance,TERR-02,2,4,1,1,16,16.0,110.85,3.12,0.028987536873252395,16.5,hybrid
1003001256,Dr. Jennifer Caragol,Family Practice,Evans,CO,Jardiance,REP-104,Derek Sterling,TERR-02,3,2,1,3,13,20.0,12463.6,0.0,0.0,20.0,hybrid
1003001256,Dr. Jennifer Caragol,Family Practice,Evans,CO,Levothyroxine Sodium,REP-105,Elena Rostova,TERR-03,2,4,5,12,23,44.0,94.32,4.77,0.04561051125205262,46.1,hybrid
1003001256,Dr. Jennifer Caragol,Family Practice,Evans,CO,Lisinopril,REP-106,Fiona Gallagher,TERR-03,2,4,5,14,34,94.7,190.54,2.22,0.02170627858186336,96.8,hybrid
1003001256,Dr. Jennifer Caragol,Family Practice,Evans,CO,Losartan Potassium,REP-107,Garrett Vance,TERR-04,1,8,5,6,14,36.0,88.08,7.22,0.06791120561621034,38.6,hybrid
1003001256,Dr. Jennifer Caragol,Family Practice,Evans,CO,Metformin Hcl,REP-108,Hannah Abbott,TERR-04,2,4,5,8,22,36.0,117.56,7.78,0.07294899964616741,38.8,hybrid
1003001256,Dr. Jennifer Caragol,Family Practice,Evans,CO,Myrbetriq,REP-109,Ian Malcolm,TERR-05,2,4,1,2,12,12.0,5529.82,-1.67,-0.015504186535965303,11.8,hybrid
1003001256,Dr. Jennifer Caragol,Family Practice,Evans,CO,Omeprazole,REP-110,Julia Roberts,TERR-05,3,2,2,6,11,34.3,205.0,2.62,0.02517615489247449,35.2,hybrid
1003001256,Dr. Jennifer Caragol,Family Practice,Evans,CO,Oxybutynin Chloride Er,REP-111,Kevin Bacon,TERR-06,3,2,2,5,15,21.0,88.44,3.81,0.03571808260207909,21.8,hybrid
1003001256,Dr. Jennifer Caragol,Family Practice,Evans,CO,Oxycodone Hcl,REP-112,Laura Croft,TERR-06,3,2,1,2,19,19.0,639.16,4.21,0.03922071315328157,19.8,hybrid
1003001256,Dr. Jennifer Caragol,Family Practice,Evans,CO,Pantoprazole Sodium,REP-101,Alex Morgan,TERR-01,1,8,10,15,22,42.0,288.96,4.76,0.04546237407675724,44.0,hybrid
1003001256,Dr. Jennifer Caragol,Family Practice,Evans,CO,Venlafaxine Hcl Er,REP-102,Brandon Hayes,TERR-01,2,4,5,15,15,24.3,1264.89,1.65,0.01568659616769974,24.7,hybrid
1003001363,Dr. Charles Stevens,Anesthesiology,El Centro,CA,Acetaminophen-Codeine,REP-103,Claire Vance,TERR-02,2,4,2,6,123,123.0,2901.36,1.63,0.016000341346440905,125.0,hybrid
1003001363,Dr. Charles Stevens,Anesthesiology,El Centro,CA,Amitriptyline Hcl,REP-104,Derek Sterling,TERR-02,2,4,1,1,93,107.0,2369.41,5.14,0.049671609797237615,112.5,hybrid
1003001363,Dr. Charles Stevens,Anesthesiology,El Centro,CA,Baclofen,REP-105,Elena Rostova,TERR-03,2,4,3,4,515,565.1,7542.06,6.76,0.06530002232489895,603.3,hybrid
1003001363,Dr. Charles Stevens,Anesthesiology,El Centro,CA,Belsomra,REP-106,Fiona Gallagher,TERR-03,1,8,11,18,17,17.0,7281.52,5.88,0.054067221270275745,18.0,hybrid
1003001363,Dr. Charles Stevens,Anesthesiology,El Centro,CA,Buprenorphine,REP-107,Garrett Vance,TERR-04,2,4,3,9,30,30.0,8844.58,4.33,0.0410800257434647,31.3,hybrid
1003001363,Dr. Charles Stevens,Anesthesiology,El Centro,CA,Buprenorphine-Naloxone,REP-108,Hannah Abbott,TERR-04,2,4,4,5,12,12.0,654.74,3.33,0.030305349495328926,12.4,hybrid
1003001363,Dr. Charles Stevens,Anesthesiology,El Centro,CA,Celecoxib,REP-109,Ian Malcolm,TERR-05,2,4,2,3,67,73.0,1346.92,0.55,0.005390848634876377,73.4,hybrid
1003001363,Dr. Charles Stevens,Anesthesiology,El Centro,CA,Cyclobenzaprine Hcl,REP-110,Julia Roberts,TERR-05,2,4,5,7,354,367.4,3359.89,3.65,0.0357276069104957,380.8,hybrid
1003001363,Dr. Charles Stevens,Anesthesiology,El Centro,CA,Diclofenac Epolamine,REP-111,Kevin Bacon,TERR-06,2,4,5,7,20,20.0,12462.34,4.0,0.03738753207162038,20.8,hybrid
1003001363,Dr. Charles Stevens,Anesthesiology,El Centro,CA,Diclofenac Sodium,REP-112,Laura Croft,TERR-06,3,2,1,3,194,216.8,10872.42,-0.97,-0.009688657103748888,214.7,hybrid
1003001363,Dr. Charles Stevens,Anesthesiology,El Centro,CA,Duloxetine Hcl,REP-101,Alex Morgan,TERR-01,1,8,4,5,133,154.0,1780.25,3.7,0.03611415582421973,159.7,hybrid
1003001363,Dr. Charles Stevens,Anesthesiology,El Centro,CA,Emgality Pen,REP-102,Brandon Hayes,TERR-01,1,8,7,18,12,12.0,7790.04,5.0,0.04512043528046972,12.6,hybrid
1003001363,Dr. Charles Stevens,Anesthesiology,El Centro,CA,Eszopiclone,REP-103,Claire Vance,TERR-02,2,4,2,3,42,42.0,287.05,5.24,0.049896971144623326,44.2,hybrid
1003001363,Dr. Charles Stevens,Anesthesiology,El Centro,CA,Famotidine,REP-104,Derek Sterling,TERR-02,2,4,2,3,15,19.0,117.9,1.05,0.009950330853168321,19.2,hybrid
1003001363,Dr. Charles Stevens,Anesthesiology,El Centro,CA,Fentanyl,REP-105,Elena Rostova,TERR-03,2,4,5,7,76,76.0,10969.16,3.42,0.033208670996653034,78.6,hybrid
1003001363,Dr. Charles Stevens,Anesthesiology,El Centro,CA,Gabapentin,REP-106,Fiona Gallagher,TERR-03,2,4,6,20,1301,1422.0,15198.99,1.21,0.012014673724913827,1439.2,hybrid
1003001363,Dr. Charles Stevens,Anesthesiology,El Centro,CA,Hydrocodone-Acetaminophen,REP-107,Garrett Vance,TERR-04,2,4,3,6,1711,1713.0,52745.88,-1.86,-0.01872735962938865,1681.2,hybrid
1003001363,Dr. Charles Stevens,Anesthesiology,El Centro,CA,Hydromorphone Hcl,REP-108,Hannah Abbott,TERR-04,1,8,8,27,51,51.0,874.63,2.75,0.02656702738472161,52.4,hybrid
1003001363,Dr. Charles Stevens,Anesthesiology,El Centro,CA,Ibu,REP-109,Ian Malcolm,TERR-05,2,4,2,4,17,17.0,113.56,5.88,0.054067221270275745,18.0,hybrid
1003001363,Dr. Charles Stevens,Anesthesiology,El Centro,CA,Ibuprofen,REP-110,Julia Roberts,TERR-05,2,4,4,13,306,319.0,1942.56,4.98,0.04849250082447476,334.9,hybrid
1003001363,Dr. Charles Stevens,Anesthesiology,El Centro,CA,Lidocaine,REP-111,Kevin Bacon,TERR-06,3,2,2,6,167,197.2,18983.92,-0.35,-0.0035380375547111598,196.5,hybrid
1003001363,Dr. Charles Stevens,Anesthesiology,El Centro,CA,Linzess,REP-112,Laura Croft,TERR-06,3,2,2,3,41,41.0,21384.12,8.29,0.07784248676393402,44.4,hybrid
1003001363,Dr. Charles Stevens,Anesthesiology,El Centro,CA,Lubiprostone,REP-101,Alex Morgan,TERR-01,1,8,9,27,43,49.0,6567.86,7.14,0.06765864847381486,52.5,hybrid
1003001363,Dr. Charles Stevens,Anesthesiology,El Centro,CA,Meloxicam,REP-102,Brandon Hayes,TERR-01,2,4,3,7,330,358.0,999.15,1.79,0.01767025545562806,364.4,hybrid
1003001363,Dr. Charles Stevens,Anesthesiology,El Centro,CA,Metaxalone,REP-103,Claire Vance,TERR-02,1,8,4,4,16,16.0,1551.69,8.12,0.07368771579115929,17.3,hybrid
1003001363,Dr. Charles Stevens,Anesthesiology,El Centro,CA,Methadone Hcl,REP-104,Derek Sterling,TERR-02,1,8,2,4,30,30.0,417.11,4.67,0.044171218313137306,31.4,hybrid
1003001363,Dr. Charles Stevens,Anesthesiology,El Centro,CA,Methocarbamol,REP-105,Elena Rostova,TERR-03,1,8,9,16,96,100.0,1167.39,8.5,0.08080403241529588,108.5,hybrid
1003001363,Dr. Charles Stevens,Anesthesiology,El Centro,CA,Morphine Sulfate,REP-106,Fiona Gallagher,TERR-03,1,8,9,27,71,71.0,2165.08,1.83,0.017894489876550068,72.3,hybrid
1003001363,Dr. Charles Stevens,Anesthesiology,El Centro,CA,Morphine Sulfate Er,REP-107,Garrett Vance,TERR-04,1,8,4,11,486,487.0,13050.79,1.99,0.019682080011360625,496.7,hybrid
1003001363,Dr. Charles Stevens,Anesthesiology,El Centro,CA,Movantik,REP-108,Hannah Abbott,TERR-04,2,4,5,7,102,112.0,43867.81,3.57,0.034786116085415486,116.0,hybrid
1003001363,Dr. Charles Stevens,Anesthesiology,El Centro,CA,Nabumetone,REP-109,Ian Malcolm,TERR-05,2,4,1,2,18,18.0,187.14,3.33,0.03109058707003154,18.6,hybrid
1003001363,Dr. Charles Stevens,Anesthesiology,El Centro,CA,Naloxone Hcl,REP-110,Julia Roberts,TERR-05,2,4,3,5,288,290.0,18768.14,2.76,0.027120306219194035,298.0,hybrid
1003001363,Dr. Charles Stevens,Anesthesiology,El Centro,CA,Naproxen,REP-111,Kevin Bacon,TERR-06,2,4,6,13,62,66.0,1040.68,-0.3,-0.0029895388483653917,65.8,hybrid
1003001363,Dr. Charles Stevens,Anesthesiology,El Centro,CA,Omeprazole,REP-112,Laura Croft,TERR-06,3,2,2,4,79,115.0,637.92,0.43,0.004301081899391157,115.5,hybrid
1003001363,Dr. Charles Stevens,Anesthesiology,El Centro,CA,Ondansetron Odt,REP-101,Alex Morgan,TERR-01,1,8,9,22,50,50.0,1077.1,3.2,0.030890487019338497,51.6,hybrid
1003001363,Dr. Charles Stevens,Anesthesiology,El Centro,CA,Oxycodone Hcl,REP-102,Brandon Hayes,TERR-01,2,4,4,13,730,730.0,15603.12,1.34,0.013317223582191673,739.8,hybrid
1003001363,Dr. Charles Stevens,Anesthesiology,El Centro,CA,Oxycodone-Acetaminophen,REP-103,Claire Vance,TERR-02,3,2,1,2,944,944.0,31940.07,-3.23,-0.0328074596628225,913.5,hybrid
1003001363,Dr. Charles Stevens,Anesthesiology,El Centro,CA,Oxycontin,REP-104,Derek Sterling,TERR-02,2,4,3,4,57,57.0,42031.44,1.05,0.010291686036548064,57.6,hybrid
1003001363,Dr. Charles Stevens,Anesthesiology,El Centro,CA,Pantoprazole Sodium,REP-105,Elena Rostova,TERR-03,1,8,9,27,28,30.0,180.53,8.0,0.07456869549750822,32.4,hybrid
1003001363,Dr. Charles Stevens,Anesthesiology,El Centro,CA,Pregabalin,REP-106,Fiona Gallagher,TERR-03,2,4,4,6,547,564.0,14763.75,-0.62,-0.006213956967943801,560.5,hybrid
1003001363,Dr. Charles Stevens,Anesthesiology,El Centro,CA,Relistor,REP-107,Garrett Vance,TERR-04,2,4,4,5,91,91.0,217087.92,8.9,0.08438110927213405,99.1,hybrid
1003001363,Dr. Charles Stevens,Anesthesiology,El Centro,CA,Sumatriptan Succinate,REP-108,Hannah Abbott,TERR-04,2,4,3,9,21,21.0,403.45,5.24,0.048790164169431716,22.1,hybrid
1003001363,Dr. Charles Stevens,Anesthesiology,El Centro,CA,Tizanidine Hcl,REP-109,Ian Malcolm,TERR-05,2,4,2,5,215,249.0,1857.18,1.93,0.019018005835762075,253.8,hybrid
1003001363,Dr. Charles Stevens,Anesthesiology,El Centro,CA,Topiramate,REP-110,Julia Roberts,TERR-05,2,4,4,7,12,14.0,64.02,4.29,0.03922071315328113,14.6,hybrid
1003001363,Dr. Charles Stevens,Anesthesiology,El Centro,CA,Tramadol Hcl,REP-111,Kevin Bacon,TERR-06,2,4,5,9,490,490.0,3910.5,4.33,0.04227104597090481,511.2,hybrid
1003001363,Dr. Charles Stevens,Anesthesiology,El Centro,CA,Tramadol Hcl Er,REP-112,Laura Croft,TERR-06,3,2,1,1,29,29.0,1294.98,-1.38,-0.013423020332140823,28.6,hybrid
1003001363,Dr. Charles Stevens,Anesthesiology,El Centro,CA,Trazodone Hcl,REP-101,Alex Morgan,TERR-01,1,8,9,25,280,312.0,3668.33,6.09,0.05893177837633523,331.0,hybrid
1003001363,Dr. Charles Stevens,Anesthesiology,El Centro,CA,Xtampza Er,REP-102,Brandon Hayes,TERR-01,2,4,4,11,31,31.0,20092.91,-0.97,-0.009419221916491693,30.7,hybrid
1003001371,Dr. David Kanter,Physical Medicine and Rehabilitation,Syracuse,NY,Baclofen,REP-103,Claire Vance,TERR-02,2,4,3,10,227,253.0,41124.68,5.61,0.05439870382904122,267.2,hybrid
1003001371,Dr. David Kanter,Physical Medicine and Rehabilitation,Syracuse,NY,Clonazepam,REP-104,Derek Sterling,TERR-02,1,8,2,5,27,29.0,735.25,4.48,0.04242071588395202,30.3,hybrid
